SITECODE,SITE_NAME,elev_median_m,elev_p90_m
000220,Lough Namucka Bog NHA,81.1,85.4
000221,Moorfield Bog/Farm Cottage NHA,69.6,72.7
000229,Ballygar Bog NHA,54.8,57.5
000231,Barroughter Bog SAC,34.2,37.5
000235,Bracklagh Bog NHA,71.5,75.9
000245,Clooncullaun Bog NHA,87.8,91.2
000247,Slieve Bog NHA,72.1,75.4
000248,Cloonmoylan Bog SAC,40.0,43.2
000249,Cloonoolish Bog NHA,59.0,61.8
000267,Funshin Bog NHA,96.6,99.9
000280,Castle Ffrench West Bog NHA,54.2,58.8
000281,Keeloges Bog NHA,102.0,106.1
000283,Kilmore Bog NHA,74.0,78.1
000284,Kilnaborris Bog NHA,43.5,45.7
000285,Kilsallagh Bog SAC,86.5,89.8
000292,Leaha Bog NHA,85.6,88.4
000296,Lisnageeragh Bog and Ballinastack Turlough SAC,90.6,94.1
000301,Lough Lurgeen Bog/Glenamaddy Turlough SAC,82.8,87.7
000307,Lough Tee Bog NHA,81.5,87.8
000308,Loughatorick South Bog SAC,284.7,326.7
000310,Meeneen Bog NHA,38.3,41.2
000321,Raford River Bog NHA,76.1,80.4
000324,Rosroe Bog SAC,16.2,27.9
000326,Shankill West Bog SAC,79.1,80.2
000497,Flughany Bog SAC,82.1,86.3
000522,Lough Gall Bog SAC,8.4,13.7
000548,Tawnymackan Bog NHA,57.1,70.3
000591,Bella Bridge Bog NHA,70.0,72.4
000592,Bellanagare Bog SAC,115.1,122.8
000595,Callow Bog SAC,69.4,73.5
000597,Carrowbehy/Caher Bog SAC,84.0,86.5
000600,Cloonchambers Bog SAC,81.3,85.9
000603,Cornaveagh Bog NHA,73.8,76.9
000604,Derrinea Bog SAC,82.8,84.7
000605,Derrycanan Bog NHA,53.3,55.9
000614,Cloonshanville Bog SAC,69.6,71.5
000617,Kilronan Mountain Bog NHA,300.0,324.1
001227,Aughrim Bog NHA,54.3,57.3
001229,Slieve Aughty Bog NHA,139.1,183.1
001240,Capira/Derrew Bog NHA,55.0,59.9
001241,Carna Heath And Bog NHA,17.3,25.0
001242,Carrownagappul Bog SAC,70.1,74.3
001244,Castle Ffrench East Bog NHA,52.6,57.8
001254,Derrinlough Bog NHA,78.1,82.4
001255,Derrynagran Bog And Esker NHA,75.7,78.7
001264,Eskerboy Bog NHA,65.6,67.3
001280,Killaclogher Bog NHA,53.1,56.3
001283,Killure Bog NHA,47.4,51.4
001303,Moorfield Bog NHA,70.0,72.3
001473,Bangor Erris Bog NHA,22.9,34.9
001548,Pollatomish Bog NHA,85.4,132.9
001566,Tristia Bog NHA,61.0,78.8
001567,Tullaghan Bay And Bog NHA,0.0,13.1
001570,Ummerantarry Bog NHA,185.6,221.9
001623,Carrickynaghtan Bog NHA,39.7,41.8
001652,Tullaghan Bog (Roscommon) NHA,85.3,88.6
001913,Sonnagh Bog SAC,261.8,299.4
002072,Lisnanarriagh Bog NHA,41.9,44.7
002110,Corliskea/Trien/Cloonfelliv Bog SAC,70.9,74.1
002126,Pollagoona Bog SAC,147.8,151.7
002321,Corry Mountain Bog NHA,316.5,379.6
002338,Drumalough Bog SAC,90.6,94.6
002339,Ballynamona Bog and Corkip Lough SAC,55.7,59.2
002344,Annaghbeg Bog NHA,50.9,52.7
002347,Camderry Bog SAC,82.5,86.1
002349,Corbo Bog SAC,46.7,49.4
002350,Curraghlehanagh Bog SAC,79.8,83.7
002352,Monivea Bog SAC,61.9,64.9
002354,Tullaghanrock Bog SAC,70.4,72.8
002356,Ardgraigue Bog SAC,68.1,71.2
002364,Moycullen Bogs NHA,75.7,103.7
002374,Cloon And Laghtanabba Bog NHA,73.5,100.5
002379,Derryoober Bog NHA,103.4,157.6
002381,Doogort East Bog NHA,44.5,132.3
002391,Inagh Bog NHA,230.4,315.6
002403,Sraheens Bog NHA,131.6,192.3
002419,Glenturk More Bog NHA,37.1,51.6
002420,Cunnagher More Bog NHA,50.5,60.6
002431,Oughterard District Bog NHA,139.8,224.0
002432,Forrew Bog NHA,69.1,71.6
002436,Tooreen Bog NHA,69.9,116.0
002446,Ederglen Bog NHA,111.1,188.6
002455,Lough Greney Bog NHA,147.8,219.5
